day,channel,hook,cta,keywords
1,LinkedIn,"ğŸ”¥ Stop losing 3% to card fees â€” Settle globally in seconds, not days.","ğŸ›  Copy my exact workflow and start shipping by tonight.","nowpayments integration, automated fulfillment, high-ticket sales"
2,Reddit,"ğŸš€ Turn your crypto wallet into a high-performance revenue engine.","ğŸ‘‰ Grab the Premium Bundle + Secret Templates [Limited Time]","passive income system, crypto revenue, digital entrepreneurship"
3,YouTube Shorts,"ğŸ’ From zero to automated crypto sales: The exact 7-day blueprint.","ğŸ“¥ Download the complete system and launch your store today.","sales funnel design, trust-building metrics, automated operations"
4,X,"ğŸš€ Turn your crypto wallet into a high-performance revenue engine.","ğŸ’° Start accepting crypto like a pro â€” Download now.","passive income system, crypto revenue, digital entrepreneurship"
5,Blog,"ğŸ’ From zero to automated crypto sales: The exact 7-day blueprint.","âœ… Get the checklist and avoid the expensive mistakes I made.","passive income system, crypto revenue, digital entrepreneurship"
6,Reddit,"âš ï¸ The #1 mistake digital sellers make with crypto (and how to fix it).","ğŸ‘‰ Grab the Premium Bundle + Secret Templates [Limited Time]","sales funnel design, trust-building metrics, automated operations"
7,Instagram,"ğŸš€ Turn your crypto wallet into a high-performance revenue engine.","ğŸ“¥ Download the complete system and launch your store today.","nowpayments integration, automated fulfillment, high-ticket sales"
8,LinkedIn,"ğŸ“ˆ Double your conversion rates with 'Trust Blocks' + Proof Metrics.","ğŸ’° Start accepting crypto like a pro â€” Download now.","crypto automation, instant settlement, web3 commerce"
9,YouTube Shorts,"ğŸ“ˆ Double your conversion rates with 'Trust Blocks' + Proof Metrics.","ğŸ’° Start accepting crypto like a pro â€” Download now.","passive income system, crypto revenue, digital entrepreneurship"
10,TikTok,"ğŸ”’ Privacy is a feature, not a luxury. Reduce payment traceability today.","ğŸ“¥ Download the complete system and launch your store today.","digital product delivery, privacy-first payments, conversion optimization"
11,TikTok,"ğŸ“ˆ Double your conversion rates with 'Trust Blocks' + Proof Metrics.","ğŸ›  Copy my exact workflow and start shipping by tonight.","digital product delivery, privacy-first payments, conversion optimization"
12,YouTube Shorts,"âš ï¸ The #1 mistake digital sellers make with crypto (and how to fix it).","ğŸ’° Start accepting crypto like a pro â€” Download now.","nowpayments integration, automated fulfillment, high-ticket sales"
13,X,"ğŸ’ From zero to automated crypto sales: The exact 7-day blueprint.","ğŸ’° Start accepting crypto like a pro â€” Download now.","crypto automation, instant settlement, web3 commerce"
14,TikTok,"ğŸ”’ Privacy is a feature, not a luxury. Reduce payment traceability today.","ğŸ“¥ Download the complete system and launch your store today.","crypto automation, instant settlement, web3 commerce"
15,Instagram,"ğŸ”¥ Stop losing 3% to card fees â€” Settle globally in seconds, not days.","ğŸ›  Copy my exact workflow and start shipping by tonight.","crypto automation, instant settlement, web3 commerce"
16,Reddit,"ğŸš€ Turn your crypto wallet into a high-performance revenue engine.","ğŸ‘‰ Grab the Premium Bundle + Secret Templates [Limited Time]","crypto automation, instant settlement, web3 commerce"
17,Reddit,"ğŸš€ Turn your crypto wallet into a high-performance revenue engine.","ğŸ’° Start accepting crypto like a pro â€” Download now.","digital product delivery, privacy-first payments, conversion optimization"
18,X,"ğŸ“ˆ Double your conversion rates with 'Trust Blocks' + Proof Metrics.","ğŸ‘‰ Grab the Premium Bundle + Secret Templates [Limited Time]","crypto automation, instant settlement, web3 commerce"
19,LinkedIn,"ğŸ”¥ Stop losing 3% to card fees â€” Settle globally in seconds, not days.","ğŸ›  Copy my exact workflow and start shipping by tonight.","digital product delivery, privacy-first payments, conversion optimization"
20,Blog,"ğŸ’ From zero to automated crypto sales: The exact 7-day blueprint.","ğŸ‘‰ Grab the Premium Bundle + Secret Templates [Limited Time]","crypto automation, instant settlement, web3 commerce"
21,Reddit,"ğŸŒ Global commerce without boundaries: Sell to anyone, anywhere, instantly.","ğŸ“¥ Download the complete system and launch your store today.","sales funnel design, trust-building metrics, automated operations"
22,YouTube Shorts,"ğŸš€ Turn your crypto wallet into a high-performance revenue engine.","ğŸ›  Copy my exact workflow and start shipping by tonight.","nowpayments integration, automated fulfillment, high-ticket sales"
23,TikTok,"ğŸš€ Turn your crypto wallet into a high-performance revenue engine.","ğŸ›  Copy my exact workflow and start shipping by tonight.","nowpayments integration, automated fulfillment, high-ticket sales"
24,LinkedIn,"ğŸ”’ Privacy is a feature, not a luxury. Reduce payment traceability today.","ğŸ‘‰ Grab the Premium Bundle + Secret Templates [Limited Time]","digital product delivery, privacy-first payments, conversion optimization"
25,Reddit,"ğŸ“ˆ Double your conversion rates with 'Trust Blocks' + Proof Metrics.","ğŸ“¥ Download the complete system and launch your store today.","digital product delivery, privacy-first payments, conversion optimization"
26,Instagram,"ğŸ”¥ Stop losing 3% to card fees â€” Settle globally in seconds, not days.","ğŸ›  Copy my exact workflow and start shipping by tonight.","passive income system, crypto revenue, digital entrepreneurship"
27,Reddit,"âš ï¸ The #1 mistake digital sellers make with crypto (and how to fix it).","ğŸ‘‰ Grab the Premium Bundle + Secret Templates [Limited Time]","passive income system, crypto revenue, digital entrepreneurship"
28,YouTube Shorts,"ğŸ”¥ Stop losing 3% to card fees â€” Settle globally in seconds, not days.","ğŸ‘‰ Grab the Premium Bundle + Secret Templates [Limited Time]","passive income system, crypto revenue, digital entrepreneurship"
29,YouTube Shorts,"âš ï¸ The #1 mistake digital sellers make with crypto (and how to fix it).","ğŸ‘‰ Grab the Premium Bundle + Secret Templates [Limited Time]","nowpayments integration, automated fulfillment, high-ticket sales"
30,Reddit,"ğŸ”¥ Stop losing 3% to card fees â€” Settle globally in seconds, not days.","âœ… Get the checklist and avoid the expensive mistakes I made.","sales funnel design, trust-building metrics, automated operations"
